order_id,customer_id,product_name,quantity,unit_price
1,5,Certainly Pressure,9,34.51
2,24,Stock Vote,10,89.28
3,13,House Bar,8,69.33
4,7,Tell Budget,4,87.13
5,8,Happen Maintain,9,83.68
6,24,Around View,10,55.97
7,6,Analysis Born,4,80.43
8,24,Able Laugh,1,28.88
9,22,Build Box,2,41.1
10,23,Own Decade,3,49.78
11,11,Science Health,3,87.69
12,5,Suggest Care,8,89.62
13,1,Decade Kitchen,6,36.69
14,16,Discussion Body,4,63.52
15,26,Of Bar,2,42.83
16,25,Industry Bad,6,34.57
17,10,Do Citizen,2,13.73
18,18,Foot Check,4,79.24
19,15,Authority Picture,1,80.63
20,21,Foot Foot,2,24.08
21,18,Treatment Table,3,85.46
22,27,Wide Cold,8,56.44
23,21,Public Meet,1,25.83
24,21,Product Entire,5,59.19
25,7,Air Great,8,60.27
26,9,Region Laugh,1,57.69
27,16,Pull Ago,6,45.46
28,16,For Manager,3,76.33
29,10,Billion Suffer,5,25.82
30,29,Talk General,2,14.15
31,20,Nice Full,2,89.56
32,29,Possible Somebody,8,16.54
33,9,Next Performance,9,83.41
34,23,Safe Little,10,68.47
35,12,Break Reach,10,14.51
36,3,Resource Religious,2,40.09
37,29,Laugh Exactly,1,21.71
38,6,School Ready,7,86.57
39,21,Government Nor,2,74.21
40,3,Fine Factor,7,52.7
41,24,Never Available,8,59.26
42,27,Hear Statement,5,78.28
43,17,Choose President,10,43.1
44,5,Up Front,5,55.48
45,29,List The,8,62.44
46,12,Year Get,2,44.95
47,21,Off Never,3,65.54
48,11,Attack Often,7,47.38
49,10,Government Amount,4,55.8
50,9,Economic Environmental,5,26.45
